part_name,part_number,price_usd,product_url,compatible_models,category,company
Daikin DK01-6965 Air Conditioner Spare,DK01-6965,344.67,https://xyz-ecom.com/products/db92-8857,CA8MTE5J3M; DZY6W-A5XS; BQNUSBUE8D,Air Conditioner,Daikin
Samsung DB92-6324 Air Conditioner Spare,DB92-6324,119.59,https://xyz-ecom.com/products/db92-5134,HFVSSI6UM8; 9WYT5AG4GG; 5CQZR7VTIH,Air Conditioner,Samsung
Daikin DK01-2823 Air Conditioner Spare,DK01-2823,91.56,https://xyz-ecom.com/products/db92-3118,OOIXNMBUTL; /QTEAF2ZAY; 8VMQVZR493,Air Conditioner,Daikin
LG LG01-7554 Air Conditioner Spare,LG01-7554,25.4,https://xyz-ecom.com/products/db92-8864,KOH3XQ7MTG; QU1A3TQDP5; T17QEQQ8I0,Air Conditioner,LG
Samsung DB92-4950 Air Conditioner Spare,DB92-4950,331.06,https://xyz-ecom.com/products/db92-7303,4ZYIH6I/7U; SLZEG3-0C3; 2EMCXJ85D-,Air Conditioner,Samsung
LG LG01-2805 Air Conditioner Spare,LG01-2805,193.44,https://xyz-ecom.com/products/db92-2335,-N4P2ZJ/CG; 74604VQTV0; S04ZR-10T3,Air Conditioner,LG
Daikin DK01-5215 Air Conditioner Spare,DK01-5215,219.11,https://xyz-ecom.com/products/db92-5012,570UFQZMPY; YGCYZZWXD6; 3194RGKPJS,Air Conditioner,Daikin
Samsung DB92-1628 Air Conditioner Spare,DB92-1628,245.19,https://xyz-ecom.com/products/db92-9185,VFSJG3GFC5; ODIOK9NQOP; 4E2TAP8J0P,Air Conditioner,Samsung
Samsung DB92-9468 Air Conditioner Spare,DB92-9468,238.8,https://xyz-ecom.com/products/db92-5179,4BOMZVUEY0; OLALU2VRMS; 7L1TSTO2IV,Air Conditioner,Samsung
LG LG01-5938 Air Conditioner Spare,LG01-5938,280.01,https://xyz-ecom.com/products/db92-5656,GWOCUUAORN; 5EZ53W4TW6; H3GDHDP-5M,Air Conditioner,LG
LG LG01-5562 Air Conditioner Spare,LG01-5562,45.7,https://xyz-ecom.com/products/db92-5182,AQK2587GXA; 1X4/CYFPSA; NQC41OB0/V,Air Conditioner,LG
Samsung DB92-4869 Air Conditioner Spare,DB92-4869,240.34,https://xyz-ecom.com/products/db92-8251,GQDHONXU1Z; -S24H8W0/4; 1DY2T1Z2O5,Air Conditioner,Samsung
Samsung DB92-8924 Air Conditioner Spare,DB92-8924,243.31,https://xyz-ecom.com/products/db92-8855,Z3DXEJ74X0; 6F1/ZZ6QGH; FX-3KJS7TK,Air Conditioner,Samsung
LG LG01-5300 Air Conditioner Spare,LG01-5300,244.07,https://xyz-ecom.com/products/db92-2994,24PD2V3W-0; X/WYZP3BT5; 48MJD1HEBI,Air Conditioner,LG
Samsung DB92-9039 Air Conditioner Spare,DB92-9039,210.17,https://xyz-ecom.com/products/db92-7395,GNGNIAG7-D; R-ZNM7743/; O-GYFC2N6G,Air Conditioner,Samsung
Daikin DK01-2341 Air Conditioner Spare,DK01-2341,42.05,https://xyz-ecom.com/products/db92-2887,OI56JF64OH; /O/79D2ANW; V3EWB4KKCN,Air Conditioner,Daikin
Samsung DB92-2033 Air Conditioner Spare,DB92-2033,291.54,https://xyz-ecom.com/products/db92-8570,L7QDP20-QX; GRDAV6KNGE; 9M0MKQVI1E,Air Conditioner,Samsung
LG LG01-7507 Air Conditioner Spare,LG01-7507,137.29,https://xyz-ecom.com/products/db92-9306,7JFM27E2YM; M2675ZISO2; 428W9R6R15,Air Conditioner,LG
LG LG01-2001 Air Conditioner Spare,LG01-2001,43.05,https://xyz-ecom.com/products/db92-4950,FE3QASA6SJ; J0WFU3CDRU; WYM8MR6436,Air Conditioner,LG
LG LG01-7152 Air Conditioner Spare,LG01-7152,196.46,https://xyz-ecom.com/products/db92-8555,3I57VA-VT2; DN4QPFLBB5; 5TZ8B6406V,Air Conditioner,LG
Daikin DK01-3302 Air Conditioner Spare,DK01-3302,160.86,https://xyz-ecom.com/products/db92-8050,-MVSQZH66W; Z082HEHG1T; -29TAU3Y8B,Air Conditioner,Daikin
Samsung DB92-4397 Air Conditioner Spare,DB92-4397,337.71,https://xyz-ecom.com/products/db92-8338,-C37DR921R; 7OS3A2-93B; OBV-KAF4H6,Air Conditioner,Samsung
Samsung DB92-1990 Air Conditioner Spare,DB92-1990,264.09,https://xyz-ecom.com/products/db92-2150,2PQIBJMODL; 6U0J2MUXQN; KQG2LOZVGC,Air Conditioner,Samsung
Samsung DB92-2685 Air Conditioner Spare,DB92-2685,90.31,https://xyz-ecom.com/products/db92-4103,OPQ6/UTIIE; -DMM1OIBLH; 0ZGJ6VDUZB,Air Conditioner,Samsung
Samsung DB92-6165 Air Conditioner Spare,DB92-6165,242.54,https://xyz-ecom.com/products/db92-6353,WNQVS18FG0; YUISLFM/RX; PDPLZ7UHJ/,Air Conditioner,Samsung
Whirlpool WP01-8976 Refrigerator Spare,WP01-8976,49.67,https://xyz-ecom.com/products/db61-1464,6L928WF-W3; 9-HPLT-RVJ; S-D-EBM578,Refrigerator,Whirlpool
Whirlpool WP01-3826 Refrigerator Spare,WP01-3826,225.87,https://xyz-ecom.com/products/db61-9514,6S05AYA6MW; T3WPQ7FDUC; I0-BCBPH4V,Refrigerator,Whirlpool
Whirlpool WP01-7467 Refrigerator Spare,WP01-7467,133.33,https://xyz-ecom.com/products/db61-1112,TG6VZY83YW; OVYVASG90A; ZDMFMZQYNW,Refrigerator,Whirlpool
Whirlpool WP01-7688 Refrigerator Spare,WP01-7688,107.26,https://xyz-ecom.com/products/db61-1497,7/EW1OICP9; 9Y6XEFLG/2; QF22PJ7PCG,Refrigerator,Whirlpool
LG LG01-8367 Refrigerator Spare,LG01-8367,314.65,https://xyz-ecom.com/products/db61-3989,RL4HQ-6JLR; DT2SB0GE-P; 8TJQF07BTU,Refrigerator,LG
LG LG01-8310 Refrigerator Spare,LG01-8310,82.97,https://xyz-ecom.com/products/db61-4102,/U/WJ48Y7-; 0EI4M521BW; TBT47FP3A3,Refrigerator,LG
Samsung DB92-4008 Refrigerator Spare,DB92-4008,174.15,https://xyz-ecom.com/products/db61-1926,9A9MD8BCT-; ESZSWDTIIN; 6VU2TFQ1C1,Refrigerator,Samsung
Samsung DB92-4570 Refrigerator Spare,DB92-4570,334.31,https://xyz-ecom.com/products/db61-9284,S7GIHYSA6Y; 3IR5N0I9JH; SI1EAEXK32,Refrigerator,Samsung
LG LG01-6531 Refrigerator Spare,LG01-6531,106.64,https://xyz-ecom.com/products/db61-5947,Z3DVM8HA7Y; C8V09Z657V; /IYVV1/FAR,Refrigerator,LG
Whirlpool WP01-7195 Refrigerator Spare,WP01-7195,244.38,https://xyz-ecom.com/products/db61-4347,F9X3D9M-W4; 4V//0-BPZR; 8VQ28Z988N,Refrigerator,Whirlpool
Whirlpool WP01-7010 Refrigerator Spare,WP01-7010,334.95,https://xyz-ecom.com/products/db61-5262,V10OCZJKG6; G2I3RNCLEQ; I6T9CP1NXW,Refrigerator,Whirlpool
Whirlpool WP01-7420 Refrigerator Spare,WP01-7420,298.82,https://xyz-ecom.com/products/db61-4109,L1/3JGGUNA; VO8047AB2E; 04ATJYBFVH,Refrigerator,Whirlpool
Samsung DB92-2850 Refrigerator Spare,DB92-2850,189.48,https://xyz-ecom.com/products/db61-5865,9RA6U-SMSN; CUX31QMKLI; 3GM2YLRCZK,Refrigerator,Samsung
Samsung DB92-8439 Refrigerator Spare,DB92-8439,248.02,https://xyz-ecom.com/products/db61-2694,GX3ASXWVBF; BJH297U2NA; UWSJDIKAV3,Refrigerator,Samsung
Whirlpool WP01-9577 Refrigerator Spare,WP01-9577,175.03,https://xyz-ecom.com/products/db61-7137,E2A5NZTLE7; YD0IUMA/T8; P-T6FCSYYM,Refrigerator,Whirlpool
Samsung DB92-5835 Refrigerator Spare,DB92-5835,283.86,https://xyz-ecom.com/products/db61-7961,5R9IAIXS7U; 759702K022; 9BF1-KW9DZ,Refrigerator,Samsung
LG LG01-3520 Refrigerator Spare,LG01-3520,87.98,https://xyz-ecom.com/products/db61-8020,X2P-PILIYU; WLXTBVJ/GO; W68SXQP/9N,Refrigerator,LG
LG LG01-5643 Refrigerator Spare,LG01-5643,56.19,https://xyz-ecom.com/products/db61-6675,CF7DS7K9XF; 2F-1UZI/QI; APSAMN3FH4,Refrigerator,LG
Samsung DB92-5796 Refrigerator Spare,DB92-5796,159.11,https://xyz-ecom.com/products/db61-3698,79T720ATKO; VZCMMVTVO8; QH98M1S2ZV,Refrigerator,Samsung
Whirlpool WP01-3686 Refrigerator Spare,WP01-3686,236.26,https://xyz-ecom.com/products/db61-7398,4VUO3LMJ/Z; /FNBKKA1EK; V5FQ6YUFXN,Refrigerator,Whirlpool
Samsung DB92-2134 Refrigerator Spare,DB92-2134,72.25,https://xyz-ecom.com/products/db61-2621,6KW/PNT5V2; 6QQLZ21W06; G2MJAOFZZG,Refrigerator,Samsung
LG LG01-8155 Refrigerator Spare,LG01-8155,329.12,https://xyz-ecom.com/products/db61-7780,1Y5DIEHQJN; NNNFI8X7/U; B95R4BC4C3,Refrigerator,LG
LG LG01-8888 Refrigerator Spare,LG01-8888,64.74,https://xyz-ecom.com/products/db61-9831,LOPLCJNRJK; YFEZ96ECP7; M/BQ63X82D,Refrigerator,LG
Whirlpool WP01-9922 Refrigerator Spare,WP01-9922,146.77,https://xyz-ecom.com/products/db61-7209,PGI2PXDHKM; S1M2E-7I73; FQS9FUKKNU,Refrigerator,Whirlpool
Whirlpool WP01-5357 Refrigerator Spare,WP01-5357,112.85,https://xyz-ecom.com/products/db61-8839,EZAH3/1PQQ; ZGGCI7D4IJ; G64/Q-XED3,Refrigerator,Whirlpool
Samsung DB92-5339 Microwave Spare,DB92-5339,263.56,https://xyz-ecom.com/products/de71-5506,SPS32RXAFL; ZU486Y3C-S; LUI58AIT-D,Microwave,Samsung
LG LG01-5275 Microwave Spare,LG01-5275,150.07,https://xyz-ecom.com/products/de71-2481,B3190W04BG; 667Z6B8ZA8; 42RDHEVDYQ,Microwave,LG
Panasonic PN01-9127 Microwave Spare,PN01-9127,302.26,https://xyz-ecom.com/products/de71-6203,SXISR9Y9QM; 09LYAOAQY6; Z9L/4ZZHEK,Microwave,Panasonic
LG LG01-4549 Microwave Spare,LG01-4549,271.21,https://xyz-ecom.com/products/de71-7652,8KR1RDFK2P; 6HY9IE/EDO; GYFSGO07UP,Microwave,LG
LG LG01-1930 Microwave Spare,LG01-1930,335.34,https://xyz-ecom.com/products/de71-8686,/83BAI40RU; 5XF14HR/KG; JI-KJ7FDNJ,Microwave,LG
LG LG01-5401 Microwave Spare,LG01-5401,102.33,https://xyz-ecom.com/products/de71-3012,JHD66DY08-; LWSAGNNNOE; U6-KUX8UU7,Microwave,LG
Samsung DB92-4425 Microwave Spare,DB92-4425,197.5,https://xyz-ecom.com/products/de71-1752,ST7AQ/EC4B; A2FXN4VY6D; XB-F9IOB09,Microwave,Samsung
LG LG01-7680 Microwave Spare,LG01-7680,343.89,https://xyz-ecom.com/products/de71-1355,GXZWWRQ/99; J08GD6QQ30; QB6SKJ3ADX,Microwave,LG
Panasonic PN01-5851 Microwave Spare,PN01-5851,181.57,https://xyz-ecom.com/products/de71-1120,AN4/Q7ZJWP; FLL44YFCGZ; GZ2QGALVIA,Microwave,Panasonic
Panasonic PN01-3990 Microwave Spare,PN01-3990,206.67,https://xyz-ecom.com/products/de71-2525,0V//QROOLZ; 96ANKVM48R; KYJ6EBV7UD,Microwave,Panasonic
Panasonic PN01-1725 Microwave Spare,PN01-1725,118.03,https://xyz-ecom.com/products/de71-9824,2HJAQ2TL90; KFZU6Q3BZ2; SNQ9GJLXOV,Microwave,Panasonic
LG LG01-4117 Microwave Spare,LG01-4117,148.64,https://xyz-ecom.com/products/de71-9359,DOGT/58YVL; -1C7C6Q0LJ; 9LYGWICFR0,Microwave,LG
Samsung DB92-1909 Microwave Spare,DB92-1909,262.04,https://xyz-ecom.com/products/de71-4962,TWGTCI3BQY; D7QRAF11VQ; 6PK0TUJVRE,Microwave,Samsung
Samsung DB92-5899 Microwave Spare,DB92-5899,344.15,https://xyz-ecom.com/products/de71-5043,5OO2REXF39; 3X/EIAKKRG; -P8NQL-8EM,Microwave,Samsung
LG LG01-1763 Microwave Spare,LG01-1763,47.4,https://xyz-ecom.com/products/de71-1944,/OXZEVFMN1; MPAS4KZ-EX; 40QH0/NXKK,Microwave,LG
LG LG01-7567 Microwave Spare,LG01-7567,222.04,https://xyz-ecom.com/products/de71-1715,OIB-7GMJ8H; 7X8P5D6J4P; IM-IG2IVP7,Microwave,LG
Samsung DB92-8537 Microwave Spare,DB92-8537,289.63,https://xyz-ecom.com/products/de71-3789,1RH1BTVXXX; 7OAITMNV1B; MOA6EGWMH4,Microwave,Samsung
Panasonic PN01-8686 Microwave Spare,PN01-8686,189.43,https://xyz-ecom.com/products/de71-5580,RXJ55M6WN4; 523NVOWZFO; DQ5XRSIIIY,Microwave,Panasonic
Samsung DB92-3546 Microwave Spare,DB92-3546,266.79,https://xyz-ecom.com/products/de71-3171,4L1AWNY2NE; ERSW4DF8W-; ZZWKWC0WTW,Microwave,Samsung
LG LG01-6329 Microwave Spare,LG01-6329,326.12,https://xyz-ecom.com/products/de71-4393,GQJ7TMCPT2; JYABN7NJW4; R74Q1EJ3T/,Microwave,LG
LG LG01-3942 Microwave Spare,LG01-3942,129.1,https://xyz-ecom.com/products/de71-3196,5L7OM29T7Z; GRPNF0X1C5; 887PHC3HAT,Microwave,LG
Samsung DB92-7203 Microwave Spare,DB92-7203,250.5,https://xyz-ecom.com/products/de71-7285,6L6LOINOQI; E2B7VFROQ3; GZ-32GRUJX,Microwave,Samsung
Samsung DB92-5975 Microwave Spare,DB92-5975,42.94,https://xyz-ecom.com/products/de71-6312,IL/4USZI3C; 2VQVU/D9CA; IQU-Y9ZFPK,Microwave,Samsung
LG LG01-4936 Microwave Spare,LG01-4936,230.6,https://xyz-ecom.com/products/de71-1374,X-4KCOJVSV; U1NLM0YB-I; M1P671FKI-,Microwave,LG
Samsung DB92-6810 Microwave Spare,DB92-6810,331.91,https://xyz-ecom.com/products/de71-5522,2CX7BTPJC-; W3WM76-W-9; /SLUY03UI7,Microwave,Samsung
Siemens SI01-4839 Dishwasher Spare,SI01-4839,132.49,https://xyz-ecom.com/products/df22-2102,L0LUIYUY/A; CT6BF/N2M5; JD/G7CAO7D,Dishwasher,Siemens
Bosch BS01-3427 Dishwasher Spare,BS01-3427,272.68,https://xyz-ecom.com/products/df22-5811,D4ISX7MTOR; B2NR/7XVL/; F3OJGYDL-E,Dishwasher,Bosch
Siemens SI01-1528 Dishwasher Spare,SI01-1528,170.18,https://xyz-ecom.com/products/df22-9986,QDF857PMZ4; Z85HXI5/DC; AK71R6D4JT,Dishwasher,Siemens
Bosch BS01-3851 Dishwasher Spare,BS01-3851,286.16,https://xyz-ecom.com/products/df22-4339,NWVUA7KZDE; V5B27RXHP4; H8X-8L7S47,Dishwasher,Bosch
Siemens SI01-7589 Dishwasher Spare,SI01-7589,77.86,https://xyz-ecom.com/products/df22-1818,MB0HD-ER08; 13DTZRKIPQ; 5GSI30BBUA,Dishwasher,Siemens
LG LG01-7062 Dishwasher Spare,LG01-7062,329.83,https://xyz-ecom.com/products/df22-8495,D04A2E9TCG; 623FD42PYT; U8KUS7SLYY,Dishwasher,LG
Bosch BS01-1390 Dishwasher Spare,BS01-1390,287.86,https://xyz-ecom.com/products/df22-5774,RHN7EZ1RE9; W/ND4ICTH6; 06W4E19NK/,Dishwasher,Bosch
Siemens SI01-6471 Dishwasher Spare,SI01-6471,133.46,https://xyz-ecom.com/products/df22-9350,FE-UCXM/9J; Z13QDX98QT; 9PP10EJ2S8,Dishwasher,Siemens
LG LG01-3908 Dishwasher Spare,LG01-3908,25.06,https://xyz-ecom.com/products/df22-7897,697UVZP6KX; RYO7IXX8L-; QU1MLZ36GL,Dishwasher,LG
Siemens SI01-7039 Dishwasher Spare,SI01-7039,268.22,https://xyz-ecom.com/products/df22-6462,22NACY6DW/; EMF8G0T5RV; D53HY9FBMV,Dishwasher,Siemens
Siemens SI01-1326 Dishwasher Spare,SI01-1326,109.83,https://xyz-ecom.com/products/df22-6254,LT8ARUFYXL; RARC/TTZ-P; /DNKFQQP4E,Dishwasher,Siemens
LG LG01-9901 Dishwasher Spare,LG01-9901,237.96,https://xyz-ecom.com/products/df22-8510,8-R6UAMIZ8; EX73PIEKC5; HMQH-JABYY,Dishwasher,LG
Siemens SI01-5359 Dishwasher Spare,SI01-5359,89.74,https://xyz-ecom.com/products/df22-9949,58HM7JIAM7; LC5S94O7CS; R/MH9Z-XO0,Dishwasher,Siemens
Bosch BS01-5166 Dishwasher Spare,BS01-5166,75.15,https://xyz-ecom.com/products/df22-3339,NO6IMKML/4; AZ1XN8ZID/; FZEYAN-4W9,Dishwasher,Bosch
Bosch BS01-2539 Dishwasher Spare,BS01-2539,326.37,https://xyz-ecom.com/products/df22-7051,CKA54278SB; UFNE9CTH5B; 1JBPUPRP6G,Dishwasher,Bosch
Bosch BS01-9554 Dishwasher Spare,BS01-9554,62.58,https://xyz-ecom.com/products/df22-3864,F3V3LARMJ-; 9LQR7TUB/M; QSSPE/TK-I,Dishwasher,Bosch
LG LG01-6486 Dishwasher Spare,LG01-6486,342.52,https://xyz-ecom.com/products/df22-8882,OTBYA3DRQ8; UV7MQT-IY/; ZL2022QBBN,Dishwasher,LG
Bosch BS01-1748 Dishwasher Spare,BS01-1748,321.05,https://xyz-ecom.com/products/df22-5684,Z9V1U0P018; -JB8LDOKIL; NZ0LS9AAJ8,Dishwasher,Bosch
LG LG01-5893 Dishwasher Spare,LG01-5893,274.2,https://xyz-ecom.com/products/df22-4216,KFCGRXE5DP; E4CYRLAIZB; BLRML82394,Dishwasher,LG
Siemens SI01-6439 Dishwasher Spare,SI01-6439,225.09,https://xyz-ecom.com/products/df22-8535,57416AV2D6; BXO2RTGVS1; 46V1BJTWVE,Dishwasher,Siemens
Bosch BS01-1508 Dishwasher Spare,BS01-1508,168.15,https://xyz-ecom.com/products/df22-2694,DIVZMTQEBJ; ACB0EPQ24V; VT8M3V104-,Dishwasher,Bosch
Siemens SI01-5084 Dishwasher Spare,SI01-5084,349.27,https://xyz-ecom.com/products/df22-5297,DXC52TVHQH; -B3V0XTZ7A; V9D8VZUQL9,Dishwasher,Siemens
Siemens SI01-1380 Dishwasher Spare,SI01-1380,40.62,https://xyz-ecom.com/products/df22-7820,NEFKPKJ6WI; IPXBHQ95/J; GDUM4-KSBM,Dishwasher,Siemens
Bosch BS01-4412 Dishwasher Spare,BS01-4412,292.24,https://xyz-ecom.com/products/df22-4437,9FBD5PX-T4; LOA6FFT7VK; H173ZE7DPD,Dishwasher,Bosch
Bosch BS01-1980 Dishwasher Spare,BS01-1980,292.49,https://xyz-ecom.com/products/df22-3323,H9HD164E7E; FHHZV90EK2; 5WHJ2MQZSX,Dishwasher,Bosch
Samsung DB92-3638 Air Conditioner Spare,DB92-3638,217.1,https://xyz-ecom.com/products/db92-3638,X9KZYMX288; JU8J4DVRO6; HJWC75JWI5,Air Conditioner,Samsung
Whirlpool WP01-3082 Refrigerator Spare,WP01-3082,69.38,https://xyz-ecom.com/products/wp01-3082,JDEOY-EXVD; 0MZ2Y2FBTU; E9X0-VH-79,Refrigerator,Whirlpool
Bosch BS01-9382 Dishwasher Spare,BS01-9382,104.82,https://xyz-ecom.com/products/bs01-9382,E-HX46-5A2; 46GRAIFJFX; 8ILM2JVO42,Dishwasher,Bosch
Siemens SI01-3596 Dishwasher Spare,SI01-3596,233.71,https://xyz-ecom.com/products/si01-3596,A8VMBF36/O; LYRSAZF-DC; QGPY96N7UA,Dishwasher,Siemens
Bosch BS01-7136 Dishwasher Spare,BS01-7136,194.07,https://xyz-ecom.com/products/bs01-7136,F1DFF2Z9N8; 0FMBC396AZ; VGLN36JQ-A,Dishwasher,Bosch
Panasonic PN01-4430 Microwave Spare,PN01-4430,75.7,https://xyz-ecom.com/products/pn01-4430,J7I2S42O7O; A9N5IJD2VF; /PB-AFEYJU,Microwave,Panasonic
Samsung DB92-7097 Air Conditioner Spare,DB92-7097,20.45,https://xyz-ecom.com/products/db92-7097,KC95QPBE9B; 6GWLOGCR4L; FKD7H0P10-,Air Conditioner,Samsung
Panasonic PN01-7186 Microwave Spare,PN01-7186,45.43,https://xyz-ecom.com/products/pn01-7186,EEPKT8Q78A; 1T1O1-M-6J; 6K7TSRRWPZ,Microwave,Panasonic
LG LG01-2646 Air Conditioner Spare,LG01-2646,135.09,https://xyz-ecom.com/products/lg01-2646,UDL9CKIZ9H; M-ZD3A7YVA; 9PQK/BRFSB,Air Conditioner,LG
Panasonic PN01-5996 Microwave Spare,PN01-5996,202.69,https://xyz-ecom.com/products/pn01-5996,XMSBNBCYN6; 3HFV1SLDXM; SQQA33DK9Z,Microwave,Panasonic
LG LG01-1829 Microwave Spare,LG01-1829,236.82,https://xyz-ecom.com/products/lg01-1829,2/ZP-8F99H; MRAQUQKMH8; FFW0FGS//R,Microwave,LG
Samsung DB92-7011 Air Conditioner Spare,DB92-7011,116.65,https://xyz-ecom.com/products/db92-7011,OKK0PFS6EI; 1UYNBSWDEN; -4AYT-0PM1,Air Conditioner,Samsung
LG LG01-2719 Microwave Spare,LG01-2719,344.45,https://xyz-ecom.com/products/lg01-2719,B2Q5XS4T4I; RRJKMKXPP0; -0T48IW2YC,Microwave,LG
LG LG01-3616 Refrigerator Spare,LG01-3616,260.37,https://xyz-ecom.com/products/lg01-3616,8W0/8L6FX3; KW6Q950RZ2; DAMWXZ9YCK,Refrigerator,LG
LG LG01-9305 Air Conditioner Spare,LG01-9305,192.8,https://xyz-ecom.com/products/lg01-9305,PMTR/Q7GEG; 9NP7TTWX6V; IQ/PW/M11M,Air Conditioner,LG
Bosch BS01-1331 Dishwasher Spare,BS01-1331,323.64,https://xyz-ecom.com/products/bs01-1331,EB/ONXPL08; AU7P35AHMN; Z6EFB7TO/Y,Dishwasher,Bosch
LG LG01-6076 Microwave Spare,LG01-6076,91.09,https://xyz-ecom.com/products/lg01-6076,FWFGJYVUND; PD0T69L1MI; 8IJP/K/5T9,Microwave,LG
Siemens SI01-6578 Dishwasher Spare,SI01-6578,311.07,https://xyz-ecom.com/products/si01-6578,BYPG/-UHES; 3T5C8K7S3-; 9LJ450N3VV,Dishwasher,Siemens
Samsung DB92-8455 Air Conditioner Spare,DB92-8455,47.6,https://xyz-ecom.com/products/db92-8455,ESS-GC6DC5; WJQCMJ8TB3; VCSFTS4REI,Air Conditioner,Samsung
LG LG01-5681 Air Conditioner Spare,LG01-5681,68.96,https://xyz-ecom.com/products/lg01-5681,O0XA21DBHO; /OFC7SOHIU; 6/DHUEW1AA,Air Conditioner,LG
Bosch BS01-5953 Dishwasher Spare,BS01-5953,289.7,https://xyz-ecom.com/products/bs01-5953,RG9N7HHS9X; L2SRZR8UUX; -DW2F4IB9Z,Dishwasher,Bosch
LG LG01-6138 Air Conditioner Spare,LG01-6138,140.51,https://xyz-ecom.com/products/lg01-6138,PTMD-K7259; ZB/7JWB531; WR9ZZX6RQU,Air Conditioner,LG
LG LG01-8231 Refrigerator Spare,LG01-8231,20.56,https://xyz-ecom.com/products/lg01-8231,X7-6V5MEMM; WO5RL95OOQ; 79N86C0FIO,Refrigerator,LG
Bosch BS01-9668 Dishwasher Spare,BS01-9668,149.75,https://xyz-ecom.com/products/bs01-9668,5PSMZAV381; 2NQ/RDDYZ/; /I-X06TLSH,Dishwasher,Bosch
LG LG01-1253 Air Conditioner Spare,LG01-1253,332.35,https://xyz-ecom.com/products/lg01-1253,0DJIXQ0B0D; LFDAAGA73M; B61AIRLNSH,Air Conditioner,LG
LG LG01-2190 Air Conditioner Spare,LG01-2190,307.45,https://xyz-ecom.com/products/lg01-2190,X55BIN-L7B; N6RBICULQQ; Q37-IO-JYU,Air Conditioner,LG
LG LG01-1709 Refrigerator Spare,LG01-1709,224.84,https://xyz-ecom.com/products/lg01-1709,T5DKXAWSH-; QFU7K3NEZS; IMKHY597FX,Refrigerator,LG
LG LG01-9862 Dishwasher Spare,LG01-9862,67.05,https://xyz-ecom.com/products/lg01-9862,3B4X6GLNT6; 1X2UG41BCI; I5EEL6MNOH,Dishwasher,LG
Whirlpool WP01-8933 Refrigerator Spare,WP01-8933,304.93,https://xyz-ecom.com/products/wp01-8933,IBA-KT-QB3; BRTR49FKPX; Y-AXD5KOUJ,Refrigerator,Whirlpool
Samsung DB92-7479 Microwave Spare,DB92-7479,162.59,https://xyz-ecom.com/products/db92-7479,UYILN5MCWV; 9MNOMOIWE5; 9K6Y3UEYUE,Microwave,Samsung
Samsung DB92-1228 Refrigerator Spare,DB92-1228,112.92,https://xyz-ecom.com/products/db92-1228,4PINLKH89/; W98EXP-67V; RB9URCLC4A,Refrigerator,Samsung
LG LG01-2605 Microwave Spare,LG01-2605,254.08,https://xyz-ecom.com/products/lg01-2605,FSIKJY9V8O; 1LY5UPJBBS; /4JIJP/VG3,Microwave,LG
Panasonic PN01-1169 Microwave Spare,PN01-1169,303.96,https://xyz-ecom.com/products/pn01-1169,RA1LRUOF4J; YYS3HRZQUU; LMEHRCJE9D,Microwave,Panasonic
LG LG01-3978 Microwave Spare,LG01-3978,145.27,https://xyz-ecom.com/products/lg01-3978,VMR82O75YW; C-T153OG/1; N31Q1P-O5K,Microwave,LG
Panasonic PN01-1606 Microwave Spare,PN01-1606,22.18,https://xyz-ecom.com/products/pn01-1606,402AZVNANY; Y6-I4WO9TR; VXT94YXR3A,Microwave,Panasonic
LG LG01-8221 Microwave Spare,LG01-8221,179.19,https://xyz-ecom.com/products/lg01-8221,SBDVEPZ-RM; U4ZQLI6EL0; 90-WK3HBDC,Microwave,LG
Samsung DB92-7378 Microwave Spare,DB92-7378,66.23,https://xyz-ecom.com/products/db92-7378,3WZHX5K5AG; MZO5SL5YFX; IT0Y5UE0TQ,Microwave,Samsung
Samsung DB92-6327 Air Conditioner Spare,DB92-6327,153.66,https://xyz-ecom.com/products/db92-6327,547SP86YSL; PPDHH4DJZ3; BGM5-6CKLE,Air Conditioner,Samsung
LG LG01-4380 Refrigerator Spare,LG01-4380,31.75,https://xyz-ecom.com/products/lg01-4380,GSM5AFMQIV; 2C82PZ3CJN; 3UIYIOPP35,Refrigerator,LG
Bosch BS01-1182 Dishwasher Spare,BS01-1182,289.25,https://xyz-ecom.com/products/bs01-1182,JN808AQMW/; 9O10SZW4WG; J7WNP2/7H8,Dishwasher,Bosch
Whirlpool WP01-1782 Refrigerator Spare,WP01-1782,309.63,https://xyz-ecom.com/products/wp01-1782,-6GE6POKSL; P2YDG62VVY; VXHLG-IXB4,Refrigerator,Whirlpool
LG LG01-6261 Microwave Spare,LG01-6261,178.1,https://xyz-ecom.com/products/lg01-6261,8Y5-AR56T6; DC8LFO/MEL; BUUBQPTSCP,Microwave,LG
Samsung DB92-6835 Air Conditioner Spare,DB92-6835,222.61,https://xyz-ecom.com/products/db92-6835,L2K1PB5GVK; 5OL//IRZNO; -OZD/3B7W8,Air Conditioner,Samsung
Siemens SI01-2391 Dishwasher Spare,SI01-2391,343.46,https://xyz-ecom.com/products/si01-2391,/-SUV4PXJK; 1ARAGGUFKV; /6-RSUGIJ0,Dishwasher,Siemens
Samsung DB92-3666 Air Conditioner Spare,DB92-3666,55.05,https://xyz-ecom.com/products/db92-3666,DFLZK827/L; PDT88OSXUZ; 0GS67C9FIW,Air Conditioner,Samsung
LG LG01-8962 Refrigerator Spare,LG01-8962,247.51,https://xyz-ecom.com/products/lg01-8962,1G0/ZZOYNJ; 6JVOTGSKN7; L8W3LFABPX,Refrigerator,LG
Panasonic PN01-1248 Microwave Spare,PN01-1248,314.82,https://xyz-ecom.com/products/pn01-1248,F2A/3/JI5P; OVXN39F29X; 9AFJAP0ND9,Microwave,Panasonic
Bosch BS01-2420 Dishwasher Spare,BS01-2420,242.2,https://xyz-ecom.com/products/bs01-2420,USC0DE0ECJ; 8ZNZ7SG1FD; NW2D8CL0-3,Dishwasher,Bosch
LG LG01-3769 Dishwasher Spare,LG01-3769,225.11,https://xyz-ecom.com/products/lg01-3769,ACIZU99VA3; RU59NO5QX8; LH2738QABW,Dishwasher,LG
LG LG01-1021 Dishwasher Spare,LG01-1021,113.73,https://xyz-ecom.com/products/lg01-1021,DVCAH84WK7; P46R84MR55; 4FE6/LGYWA,Dishwasher,LG
Samsung DB92-4254 Microwave Spare,DB92-4254,86.17,https://xyz-ecom.com/products/db92-4254,XZLOHLVWL7; Y36C5CK26E; 5S3ZF2K7J2,Microwave,Samsung
Samsung DB92-5011 Refrigerator Spare,DB92-5011,107.74,https://xyz-ecom.com/products/db92-5011,D2/JVJ70T3; IR9245-/TK; 8RLP4AYJFW,Refrigerator,Samsung
LG LG01-3521 Dishwasher Spare,LG01-3521,167.71,https://xyz-ecom.com/products/lg01-3521,188K-C763M; BVS3PTV384; OVUQUXFFC2,Dishwasher,LG
LG LG01-3199 Air Conditioner Spare,LG01-3199,206.73,https://xyz-ecom.com/products/lg01-3199,GEOY7-PSM1; 0M8FWC2E1P; ARVFAANT3Z,Air Conditioner,LG
LG LG01-6323 Dishwasher Spare,LG01-6323,312.57,https://xyz-ecom.com/products/lg01-6323,RD4IT8HHPB; PI3JN3WTLA; 2B1KEOIILQ,Dishwasher,LG
Whirlpool WP01-5247 Refrigerator Spare,WP01-5247,295.66,https://xyz-ecom.com/products/wp01-5247,IJBTGHFJZP; //CQZ8-VI7; C6EXQ8F6PW,Refrigerator,Whirlpool
Bosch BS01-6682 Dishwasher Spare,BS01-6682,82.49,https://xyz-ecom.com/products/bs01-6682,BGJ329-/PE; NNZ154DJ8V; 83XCVOGNL4,Dishwasher,Bosch
Panasonic PN01-2487 Microwave Spare,PN01-2487,100.27,https://xyz-ecom.com/products/pn01-2487,I58YD4P55E; 7QMXKTYV00; V9LQZGVBAY,Microwave,Panasonic
Daikin DK01-8249 Air Conditioner Spare,DK01-8249,106.15,https://xyz-ecom.com/products/dk01-8249,CMEGI8/LVZ; 12EI/SCJ2D; L342GJTGHD,Air Conditioner,Daikin
LG LG01-6153 Refrigerator Spare,LG01-6153,149.37,https://xyz-ecom.com/products/lg01-6153,YXA9BB2K/N; CL-/K-DOED; MR05Q4UTNW,Refrigerator,LG
Bosch BS01-7867 Dishwasher Spare,BS01-7867,251.07,https://xyz-ecom.com/products/bs01-7867,9-HIXZ39OF; K0LH3JX8ND; HB/O6MO80U,Dishwasher,Bosch
LG LG01-2577 Air Conditioner Spare,LG01-2577,262.0,https://xyz-ecom.com/products/lg01-2577,MH0GUVLPC7; 4H/1O0NBLW; DOB5XAUAPK,Air Conditioner,LG
LG LG01-7891 Dishwasher Spare,LG01-7891,157.14,https://xyz-ecom.com/products/lg01-7891,LISU44KAKG; AR6KE13EWR; H8IUORVDH7,Dishwasher,LG
LG LG01-6846 Microwave Spare,LG01-6846,197.19,https://xyz-ecom.com/products/lg01-6846,7ESVOPM2FQ; DU87WE2OF5; H/7SBXGGUD,Microwave,LG
LG LG01-3306 Microwave Spare,LG01-3306,33.26,https://xyz-ecom.com/products/lg01-3306,4K78/XTKDD; JNCJRJDSJC; KFLN4HT42/,Microwave,LG
Bosch BS01-6740 Dishwasher Spare,BS01-6740,26.7,https://xyz-ecom.com/products/bs01-6740,A3BEI-A3OM; 36T2Z6TK-M; 18COFDBHNN,Dishwasher,Bosch
Siemens SI01-4273 Dishwasher Spare,SI01-4273,214.47,https://xyz-ecom.com/products/si01-4273,FHXH2OAZJG; 9/MG71EQRQ; YK8-N5-2K6,Dishwasher,Siemens
Samsung DB92-3676 Air Conditioner Spare,DB92-3676,101.11,https://xyz-ecom.com/products/db92-3676,OWX0G0/7T0; 3QJERC-FJ8; R389XW9A4N,Air Conditioner,Samsung
Daikin DK01-8838 Air Conditioner Spare,DK01-8838,252.26,https://xyz-ecom.com/products/dk01-8838,YF51TYZJV9; K/N5J6WWSD; X6JJ3N5JSE,Air Conditioner,Daikin
Samsung DB92-5886 Microwave Spare,DB92-5886,252.38,https://xyz-ecom.com/products/db92-5886,J07M65XUW1; -EPEB60IDB; 8GB-7IT494,Microwave,Samsung
Siemens SI01-4473 Dishwasher Spare,SI01-4473,90.8,https://xyz-ecom.com/products/si01-4473,UGHUKOJ92G; C/0U8KJZQH; G8/X8SNEDY,Dishwasher,Siemens
Samsung DB92-9877 Air Conditioner Spare,DB92-9877,166.15,https://xyz-ecom.com/products/db92-9877,04BIKVHDYG; 8HZAO8RQI/; ZY4PBT8R7O,Air Conditioner,Samsung
Siemens SI01-2898 Dishwasher Spare,SI01-2898,232.02,https://xyz-ecom.com/products/si01-2898,HL160KH41O; LIA5J-P-9K; JE35X0IWC/,Dishwasher,Siemens
LG LG01-8941 Dishwasher Spare,LG01-8941,253.04,https://xyz-ecom.com/products/lg01-8941,VGP8AUDH9W; WJ//1JK0L1; N0C8XOBDEW,Dishwasher,LG
Siemens SI01-6708 Dishwasher Spare,SI01-6708,165.44,https://xyz-ecom.com/products/si01-6708,TYF6K1B5CI; SIVB278V/T; 0MWE28VZNA,Dishwasher,Siemens
Samsung DB92-6050 Refrigerator Spare,DB92-6050,98.96,https://xyz-ecom.com/products/db92-6050,TOC3794W5T; POO9ECZ9P3; CT70HER-3D,Refrigerator,Samsung
LG LG01-1375 Air Conditioner Spare,LG01-1375,217.51,https://xyz-ecom.com/products/lg01-1375,EUOM6ADFGC; BMXC6MH6WQ; W07AORFLR9,Air Conditioner,LG
Siemens SI01-7019 Dishwasher Spare,SI01-7019,236.17,https://xyz-ecom.com/products/si01-7019,L-8A96FN0W; N6RHMHJ63N; 8AHWUY8QAH,Dishwasher,Siemens
Panasonic PN01-7541 Microwave Spare,PN01-7541,49.42,https://xyz-ecom.com/products/pn01-7541,8QBJO6SQ5H; YH1PLS/LTC; XRV26/E68-,Microwave,Panasonic
Bosch BS01-2379 Dishwasher Spare,BS01-2379,193.22,https://xyz-ecom.com/products/bs01-2379,I4ZTN12V2T; 2KK/JK56/4; 9U20FQ7RZV,Dishwasher,Bosch
LG LG01-6039 Microwave Spare,LG01-6039,171.84,https://xyz-ecom.com/products/lg01-6039,RWWEG0FW2N; JJHLGARNP6; NI5F57-UMJ,Microwave,LG
Samsung DB92-7840 Refrigerator Spare,DB92-7840,174.22,https://xyz-ecom.com/products/db92-7840,Y8WO48UMEC; /RDOWX9XD2; 3T308J6X56,Refrigerator,Samsung
LG LG01-7841 Microwave Spare,LG01-7841,274.03,https://xyz-ecom.com/products/lg01-7841,1JTKB5U01-; 98QXFGF26K; US7TXS1KB7,Microwave,LG
LG LG01-8993 Microwave Spare,LG01-8993,329.29,https://xyz-ecom.com/products/lg01-8993,091G86W131; E537024ZLI; 6RQSIBKI1-,Microwave,LG
LG LG01-8226 Dishwasher Spare,LG01-8226,303.14,https://xyz-ecom.com/products/lg01-8226,5GQODJY9SY; P0X3N0ODZI; L7YK09H3FJ,Dishwasher,LG
Daikin DK01-5075 Air Conditioner Spare,DK01-5075,279.78,https://xyz-ecom.com/products/dk01-5075,AGU3HPQCQJ; 0NXKPA56SZ; YNTIHVJD7E,Air Conditioner,Daikin
Siemens SI01-1659 Dishwasher Spare,SI01-1659,282.26,https://xyz-ecom.com/products/si01-1659,ZZTHDNGQVY; FAR/7-0IM8; F5CJ/U768X,Dishwasher,Siemens
LG LG01-3484 Microwave Spare,LG01-3484,24.63,https://xyz-ecom.com/products/lg01-3484,1G4LP1NY83; JR/1VC8045; XC60SFO5OW,Microwave,LG
Samsung DB92-4155 Microwave Spare,DB92-4155,341.81,https://xyz-ecom.com/products/db92-4155,OBW61WWIOJ; 5/O/YGZPWL; GA1DFUCM4Z,Microwave,Samsung
Panasonic PN01-6691 Microwave Spare,PN01-6691,178.01,https://xyz-ecom.com/products/pn01-6691,9H7G7E-HS4; ZQR9YSHHJH; JDZ8GRABWK,Microwave,Panasonic
Bosch BS01-4965 Dishwasher Spare,BS01-4965,259.21,https://xyz-ecom.com/products/bs01-4965,WZKWYHRADI; K566HPVFE4; P4-EXLRJ78,Dishwasher,Bosch
LG LG01-7971 Microwave Spare,LG01-7971,202.44,https://xyz-ecom.com/products/lg01-7971,QBMQMTBCVO; 3WXADI84LJ; S9VFJP8-FD,Microwave,LG
Panasonic PN01-7761 Microwave Spare,PN01-7761,162.77,https://xyz-ecom.com/products/pn01-7761,R0QR4MOG04; 0GMZUPI-PV; HUZIMD3PDI,Microwave,Panasonic
LG LG01-6537 Dishwasher Spare,LG01-6537,131.06,https://xyz-ecom.com/products/lg01-6537,1VC6O9/7EU; H3WM-ZW40/; C9F84X9YQL,Dishwasher,LG
LG LG01-7416 Air Conditioner Spare,LG01-7416,255.84,https://xyz-ecom.com/products/lg01-7416,2/SZJBL2N9; GVQ4/XI6WG; 2IEUNN2RN3,Air Conditioner,LG
LG LG01-3505 Refrigerator Spare,LG01-3505,288.76,https://xyz-ecom.com/products/lg01-3505,K6/3Q2N1/M; AXJOL086NK; 4JY5LO9DXA,Refrigerator,LG
LG LG01-7877 Refrigerator Spare,LG01-7877,193.07,https://xyz-ecom.com/products/lg01-7877,FNAHSKX5F8; KTIU/1W7-O; CTT2P4O83/,Refrigerator,LG
Siemens SI01-7365 Dishwasher Spare,SI01-7365,201.99,https://xyz-ecom.com/products/si01-7365,YZUY21KXNX; 74/-MFPCV4; 46FTCKA45J,Dishwasher,Siemens
LG LG01-5353 Air Conditioner Spare,LG01-5353,258.09,https://xyz-ecom.com/products/lg01-5353,CL0YP/SF1O; 19N5SCCGFZ; VDNSRMHXIJ,Air Conditioner,LG
Whirlpool WP01-3481 Refrigerator Spare,WP01-3481,181.52,https://xyz-ecom.com/products/wp01-3481,WU56CW/DF8; L6/5BUS4LN; 0IWTLR7/A5,Refrigerator,Whirlpool
